item,qty,spec,supplier,unit_cost_usd,make_buy,notes
1 EMT post,6,"3/4 in EMT (ANSI C80.3, OD 23.42 mm, wall 1.245 mm), cut to 1650 mm, deburred; 6 mm button hole 40 mm from each end, the two on opposite sides of the tube; 8 mm hitch pin hole through both walls 15 mm from each end, on the same line; color band at ends; 3/4 in snap button in each end",Hardware store or electrical wholesaler,9.00,buy,Indicative price per 3.05 m (10 ft) stick; one member per stick; offcut 1.40 m; hole layout per SNF-DDR-003 C1 and C9 (SNF-DWG-102)
2 EMT rafter,6,"1 in EMT (ANSI C80.3, OD 29.54 mm, wall 1.448 mm), cut to 2064 mm, deburred; 6 mm button hole 40 mm from each end on opposite sides; no pin holes; color band at ends; 1 in snap button in each end",Hardware store or electrical wholesaler,14.00,buy,Indicative price per 3.05 m stick; 1 in rafters per SNF-DDR-001 D2 (SNF-DWG-104)
3 EMT ridge tube,2,"1 in EMT (ANSI C80.3, OD 29.54 mm, wall 1.448 mm), cut to 1910 mm, drilled as item 2, color banded",Hardware store or electrical wholesaler,14.00,buy,Indicative price per 3.05 m stick; 1 in ridge tubes per SNF-DDR-002 D8 (SNF-DWG-108)
4 EMT eave tube,4,"3/4 in EMT cut to 1910 mm, drilled as item 2 (no pin holes), color banded",Hardware store or electrical wholesaler,9.00,buy,Indicative price per stick (SNF-DWG-107)
5 Foot node,6,"Printed node: 84 mm core, one 24.0 mm bore socket 110 mm long with flat stop, mouth chamfer, 6 mm button hole in a 16 mm finger recess and 8 mm pin hole; 170 x 170 x 12 mm plate with two 18 mm anchor slots at 45 degrees open to the corners; model volume 697 cm3, about 410 g at 55 % fill",Local print farm or makerspace,10.03,make,Filament at $22/kg plus $1.00 machine time (SNF-CAL-001 v0.4); polymer not chosen; castable in aluminum later (SNF-DWG-101)
6 Eave node,6,"Printed node, one variant for all six: 84 mm core, 24.0 mm bores for the post and two eave tubes, 30.1 mm bore for the rafter, each with flat stop, mouth chamfer and button hole in a finger recess; 10.5 mm cable bolt hole with spot face and nut recess; at the four corners the socket past the gable stays blank and takes a push-in cap; model volume 434 cm3, about 256 g",Local print farm or makerspace,6.62,make,"One variant replaces the handed corner nodes (SNF-DDR-002 D9); printed cable tab replaced by the cable bolt, item 14 (SNF-DDR-003 C3; SNF-DWG-103)"
7 Ridge node,3,"Printed node: 84 mm core, two 30.1 mm rafter bores, one or two 30.1 mm ridge bores, flat stops, mouth chamfers, button holes in finger recesses; 10.5 mm cable bolt hole straight down; about 247 to 271 g",Local print farm or makerspace,6.61,make,"Mean of end ($6.43) and middle ($6.97) variants (SNF-CAL-001 v0.4); guy tab replaced by the cable bolt, item 14 (SNF-DWG-105, 106)"
8 Brace cable with hand tensioner,10,"4 mm galvanized 7x19 wire rope, eye to eye: 2 at 4230 mm (rear gable), 4 at 2520 mm (side walls), 4 at 2750 mm (roof); one end looped round a thimble with two wire rope clips, the other through a hand tensioner; a snap hook at each end with a gate opening of 14 mm or more",Rigging or hardware supplier,4.20,buy,"Indicative price per assembled cable; tensioner rating unknown (to confirm, SNF-DEC-001); lower ends clip to the anchor eyes, upper ends to the cable bolt rings (SNF-DDR-003 C3, C4; SNF-DWG-109)"
9 Screw ground anchor,8,"380 mm galvanized screw anchor with 90 mm helix and eye (about 12 mm wire, 56 mm across), turned by hand with a tube as lever until the eye sits on the foot plate",Hardware or farm supplier,4.00,buy,Indicative price; six at the feet and two for guys; holding capacity unverified; demand up to 1.28 kN (SNF-CAL-001); eye down on the plate per SNF-DDR-003 C5
10 Guy line,2,"6 mm polyester rope, 3.5 m, slide tensioner, reflective tape; tied to the ring on the end ridge node's cable bolt",Outdoor or hardware supplier,3.00,buy,Indicative price
11 Tarpaulin,2,"4 x 6 m reinforced woven polyethylene with eyelets, relief agency specification class",Relief supplier or agency stock,25.00,buy,Agency stock per SNF-DDR-001 D1; excluded from the frame kit budget total; not flame retardant; left out of the exploded view
12 Snap buttons and hitch pins,1,"36 stainless spring snap buttons (20 for 3/4 in EMT, 16 for 1 in EMT; spring no more than 45 mm beyond the button, button at least 3.5 mm proud), 12 hitch pins 8 mm with lanyards, 4 push-in caps for the blank corner eave sockets",Outdoor gear or hardware supplier,24.00,buy,Indicative price for the set; button fit per SNF-DDR-003 C1 and C2
13 Bundle straps and bag,1,"Two 25 mm cam straps for the tube bundle; one duffel bag about 0.08 m3 for nodes, cables, anchors and tarpaulins",Outdoor or hardware supplier,20.00,buy,Indicative price; no exploded-view callout
14 Cable bolt set,9,"Stainless A4-70 M10 x 90 hex bolt (26 mm thread), M10 nyloc nut, washers 30 mm, 24 mm and 20 mm OD, 14 mm OD x 10 mm spacer, welded 6 mm stainless ring of 32 mm bore",Fastener or rigging supplier,2.60,buy,Indicative price per set; one through each eave and ridge node; the cable snap hooks and guy lines clip to the ring (SNF-DDR-003 C3)
